UPDATE mysql.engine_cost SET cost_value = 1.0 WHERE cost_name = 'memory_block_read_cost';
FLUSH OPTIMIZER_COSTS;
CREATE TABLE brands ( id_pk int PRIMARY KEY,  id_nokey int,  name varchar(100) );
INSERT INTO brands VALUES (1, 1, concat('brand',1));
INSERT INTO brands VALUES (2, 2, concat('brand',2));
INSERT INTO brands VALUES (3, 3, concat('brand',3));
INSERT INTO brands VALUES (4, 4, concat('brand',4));
INSERT INTO brands VALUES (5, 5, concat('brand',5));
INSERT INTO brands VALUES (6, 6, concat('brand',6));
INSERT INTO brands VALUES (7, 7, concat('brand',7));
CREATE TABLE models ( id_pk int PRIMARY KEY,  id_nokey int,  brand_id int,  name varchar(100),  INDEX(`brand_id`) );
INSERT INTO models VALUES (1, 1, 1, concat('brandmodel',1));
INSERT INTO models VALUES (2, 2, 1, concat('brandmodel',2));
INSERT INTO models VALUES (3, 3, 1, concat('brandmodel',3));
INSERT INTO models VALUES (4, 4, 1, concat('brandmodel',4));
INSERT INTO models VALUES (5, 5, 1, concat('brandmodel',5));
INSERT INTO models VALUES (6, 6, 2, concat('brandmodel',6));
INSERT INTO models VALUES (7, 7, 2, concat('brandmodel',7));
INSERT INTO models VALUES (8, 8, 2, concat('brandmodel',8));
INSERT INTO models VALUES (9, 9, 2, concat('brandmodel',9));
INSERT INTO models VALUES (10, 10, 2, concat('brandmodel',10));
INSERT INTO models VALUES (11, 11, 3, concat('brandmodel',11));
INSERT INTO models VALUES (12, 12, 3, concat('brandmodel',12));
INSERT INTO models VALUES (13, 13, 3, concat('brandmodel',13));
INSERT INTO models VALUES (14, 14, 3, concat('brandmodel',14));
INSERT INTO models VALUES (15, 15, 3, concat('brandmodel',15));
INSERT INTO models VALUES (16, 16, 4, concat('brandmodel',16));
INSERT INTO models VALUES (17, 17, 4, concat('brandmodel',17));
INSERT INTO models VALUES (18, 18, 4, concat('brandmodel',18));
INSERT INTO models VALUES (19, 19, 4, concat('brandmodel',19));
INSERT INTO models VALUES (20, 20, 4, concat('brandmodel',20));
INSERT INTO models VALUES (21, 21, 5, concat('brandmodel',21));
INSERT INTO models VALUES (22, 22, 5, concat('brandmodel',22));
INSERT INTO models VALUES (23, 23, 5, concat('brandmodel',23));
INSERT INTO models VALUES (24, 24, 5, concat('brandmodel',24));
INSERT INTO models VALUES (25, 25, 5, concat('brandmodel',25));
INSERT INTO models VALUES (26, 26, 6, concat('brandmodel',26));
INSERT INTO models VALUES (27, 27, 6, concat('brandmodel',27));
INSERT INTO models VALUES (28, 28, 6, concat('brandmodel',28));
INSERT INTO models VALUES (29, 29, 6, concat('brandmodel',29));
INSERT INTO models VALUES (30, 30, 6, concat('brandmodel',30));
INSERT INTO models VALUES (31, 31, 7, concat('brandmodel',31));
INSERT INTO models VALUES (32, 32, 7, concat('brandmodel',32));
INSERT INTO models VALUES (33, 33, 7, concat('brandmodel',33));
INSERT INTO models VALUES (34, 34, 7, concat('brandmodel',34));
INSERT INTO models VALUES (35, 35, 7, concat('brandmodel',35));
CREATE TABLE subtypes ( id_pk int primary key,  id_nokey int,  name varchar(100) );
INSERT INTO subtypes VALUES (1, 1, concat('subtype',1));
INSERT INTO subtypes VALUES (2, 2, concat('subtype',2));
INSERT INTO subtypes VALUES (3, 3, concat('subtype',3));
INSERT INTO subtypes VALUES (4, 4, concat('subtype',4));
INSERT INTO subtypes VALUES (5, 5, concat('subtype',5));
INSERT INTO subtypes VALUES (6, 6, concat('subtype',6));
INSERT INTO subtypes VALUES (7, 7, concat('subtype',7));
INSERT INTO subtypes VALUES (8, 8, concat('subtype',8));
INSERT INTO subtypes VALUES (9, 9, concat('subtype',9));
INSERT INTO subtypes VALUES (10, 10, concat('subtype',10));
CREATE TABLE colors ( id_pk int primary key,  id_nokey int,  name varchar(100) );
INSERT INTO colors VALUES (1, 1, concat('color',1));
INSERT INTO colors VALUES (2, 2, concat('color',2));
INSERT INTO colors VALUES (3, 3, concat('color',3));
INSERT INTO colors VALUES (4, 4, concat('color',4));
