UPDATE mysql.engine_cost SET cost_value = 1.0 WHERE cost_name = 'memory_block_read_cost';
FLUSH OPTIMIZER_COSTS;
CREATE TABLE brands ( id_pk int PRIMARY KEY,  id_nokey int,  name varchar(100) );
INSERT INTO brands VALUES (1, 1, concat('brand',1));
INSERT INTO brands VALUES (2, 2, concat('brand',2));
INSERT INTO brands VALUES (3, 3, concat('brand',3));
INSERT INTO brands VALUES (4, 4, concat('brand',4));
INSERT INTO brands VALUES (5, 5, concat('brand',5));
INSERT INTO brands VALUES (6, 6, concat('brand',6));
INSERT INTO brands VALUES (7, 7, concat('brand',7));
CREATE TABLE models ( id_pk int PRIMARY KEY,  id_nokey int,  brand_id int,  name varchar(100),  INDEX(`brand_id`) );
INSERT INTO models VALUES (1, 1, 1, concat('brandmodel',1));
INSERT INTO models VALUES (2, 2, 1, concat('brandmodel',2));
INSERT INTO models VALUES (3, 3, 1, concat('brandmodel',3));
INSERT INTO models VALUES (4, 4, 1, concat('brandmodel',4));
INSERT INTO models VALUES (5, 5, 1, concat('brandmodel',5));
INSERT INTO models VALUES (6, 6, 2, concat('brandmodel',6));
INSERT INTO models VALUES (7, 7, 2, concat('brandmodel',7));
INSERT INTO models VALUES (8, 8, 2, concat('brandmodel',8));
INSERT INTO models VALUES (9, 9, 2, concat('brandmodel',9));
INSERT INTO models VALUES (10, 10, 2, concat('brandmodel',10));
INSERT INTO models VALUES (11, 11, 3, concat('brandmodel',11));
INSERT INTO models VALUES (12, 12, 3, concat('brandmodel',12));
INSERT INTO models VALUES (13, 13, 3, concat('brandmodel',13));
INSERT INTO models VALUES (14, 14, 3, concat('brandmodel',14));
INSERT INTO models VALUES (15, 15, 3, concat('brandmodel',15));
INSERT INTO models VALUES (16, 16, 4, concat('brandmodel',16));
INSERT INTO models VALUES (17, 17, 4, concat('brandmodel',17));
INSERT INTO models VALUES (18, 18, 4, concat('brandmodel',18));
INSERT INTO models VALUES (19, 19, 4, concat('brandmodel',19));
INSERT INTO models VALUES (20, 20, 4, concat('brandmodel',20));
INSERT INTO models VALUES (21, 21, 5, concat('brandmodel',21));
INSERT INTO models VALUES (22, 22, 5, concat('brandmodel',22));
INSERT INTO models VALUES (23, 23, 5, concat('brandmodel',23));
INSERT INTO models VALUES (24, 24, 5, concat('brandmodel',24));
INSERT INTO models VALUES (25, 25, 5, concat('brandmodel',25));
INSERT INTO models VALUES (26, 26, 6, concat('brandmodel',26));
INSERT INTO models VALUES (27, 27, 6, concat('brandmodel',27));
INSERT INTO models VALUES (28, 28, 6, concat('brandmodel',28));
INSERT INTO models VALUES (29, 29, 6, concat('brandmodel',29));
INSERT INTO models VALUES (30, 30, 6, concat('brandmodel',30));
INSERT INTO models VALUES (31, 31, 7, concat('brandmodel',31));
INSERT INTO models VALUES (32, 32, 7, concat('brandmodel',32));
INSERT INTO models VALUES (33, 33, 7, concat('brandmodel',33));
INSERT INTO models VALUES (34, 34, 7, concat('brandmodel',34));
INSERT INTO models VALUES (35, 35, 7, concat('brandmodel',35));
CREATE TABLE subtypes ( id_pk int primary key,  id_nokey int,  name varchar(100) );
INSERT INTO subtypes VALUES (1, 1, concat('subtype',1));
INSERT INTO subtypes VALUES (2, 2, concat('subtype',2));
INSERT INTO subtypes VALUES (3, 3, concat('subtype',3));
INSERT INTO subtypes VALUES (4, 4, concat('subtype',4));
INSERT INTO subtypes VALUES (5, 5, concat('subtype',5));
INSERT INTO subtypes VALUES (6, 6, concat('subtype',6));
INSERT INTO subtypes VALUES (7, 7, concat('subtype',7));
INSERT INTO subtypes VALUES (8, 8, concat('subtype',8));
INSERT INTO subtypes VALUES (9, 9, concat('subtype',9));
INSERT INTO subtypes VALUES (10, 10, concat('subtype',10));
CREATE TABLE colors ( id_pk int primary key,  id_nokey int,  name varchar(100) );
INSERT INTO colors VALUES (1, 1, concat('color',1));
INSERT INTO colors VALUES (2, 2, concat('color',2));
INSERT INTO colors VALUES (3, 3, concat('color',3));
INSERT INTO colors VALUES (4, 4, concat('color',4));
INSERT INTO colors VALUES (5, 5, concat('color',5));
INSERT INTO colors VALUES (6, 6, concat('color',6));
INSERT INTO colors VALUES (7, 7, concat('color',7));
INSERT INTO colors VALUES (8, 8, concat('color',8));
INSERT INTO colors VALUES (9, 9, concat('color',9));
INSERT INTO colors VALUES (10, 10, concat('color',10));
INSERT INTO colors VALUES (11, 11, concat('color',11));
INSERT INTO colors VALUES (12, 12, concat('color',12));
INSERT INTO colors VALUES (13, 13, concat('color',13));
INSERT INTO colors VALUES (14, 14, concat('color',14));
INSERT INTO colors VALUES (15, 15, concat('color',15));
INSERT INTO colors VALUES (16, 16, concat('color',16));
INSERT INTO colors VALUES (17, 17, concat('color',17));
INSERT INTO colors VALUES (18, 18, concat('color',18));
INSERT INTO colors VALUES (19, 19, concat('color',19));
INSERT INTO colors VALUES (20, 20, concat('color',20));
CREATE TABLE heating ( id_pk int primary key,  id_nokey int,  name varchar(100) );
INSERT INTO heating VALUES (1, 1, concat('heating',1));
INSERT INTO heating VALUES (2, 2, concat('heating',2));
INSERT INTO heating VALUES (3, 3, concat('heating',3));
INSERT INTO heating VALUES (4, 4, concat('heating',4));
INSERT INTO heating VALUES (5, 5, concat('heating',5));
INSERT INTO heating VALUES (6, 6, concat('heating',6));
INSERT INTO heating VALUES (7, 7, concat('heating',7));
INSERT INTO heating VALUES (8, 8, concat('heating',8));
INSERT INTO heating VALUES (9, 9, concat('heating',9));
INSERT INTO heating VALUES (10, 10, concat('heating',10));
CREATE TABLE windows ( id_pk int primary key,  id_nokey int,  name varchar(100) );
INSERT INTO windows VALUES (1, 1, concat('window',1));
INSERT INTO windows VALUES (2, 2, concat('window',2));
INSERT INTO windows VALUES (3, 3, concat('window',3));
INSERT INTO windows VALUES (4, 4, concat('window',4));
INSERT INTO windows VALUES (5, 5, concat('window',5));
INSERT INTO windows VALUES (6, 6, concat('window',6));
INSERT INTO windows VALUES (7, 7, concat('window',7));
INSERT INTO windows VALUES (8, 8, concat('window',8));
INSERT INTO windows VALUES (9, 9, concat('window',9));
INSERT INTO windows VALUES (10, 10, concat('window',10));
CREATE TABLE fuels ( id_pk int primary key,  id_nokey int,  name varchar(100) );
INSERT INTO fuels VALUES (1, 1, concat('fuel',1));
INSERT INTO fuels VALUES (2, 2, concat('fuel',2));
INSERT INTO fuels VALUES (3, 3, concat('fuel',3));
INSERT INTO fuels VALUES (4, 4, concat('fuel',4));
INSERT INTO fuels VALUES (5, 5, concat('fuel',5));
INSERT INTO fuels VALUES (6, 6, concat('fuel',6));
INSERT INTO fuels VALUES (7, 7, concat('fuel',7));
INSERT INTO fuels VALUES (8, 8, concat('fuel',8));
INSERT INTO fuels VALUES (9, 9, concat('fuel',9));
INSERT INTO fuels VALUES (10, 10, concat('fuel',10));
CREATE TABLE transmissions ( id_pk int primary key,  id_nokey int,  name varchar(100) );
INSERT INTO transmissions VALUES (1, 1, concat('transmission',1));
INSERT INTO transmissions VALUES (2, 2, concat('transmission',2));
INSERT INTO transmissions VALUES (3, 3, concat('transmission',3));
INSERT INTO transmissions VALUES (4, 4, concat('transmission',4));
INSERT INTO transmissions VALUES (5, 5, concat('transmission',5));
INSERT INTO transmissions VALUES (6, 6, concat('transmission',6));
INSERT INTO transmissions VALUES (7, 7, concat('transmission',7));
INSERT INTO transmissions VALUES (8, 8, concat('transmission',8));
INSERT INTO transmissions VALUES (9, 9, concat('transmission',9));
INSERT INTO transmissions VALUES (10, 10, concat('transmission',10));
CREATE TABLE steerings ( id_pk int primary key,  id_nokey int,  name varchar(100) );
INSERT INTO steerings VALUES (1, 1, concat('steering',1));
INSERT INTO steerings VALUES (2, 2, concat('steering',2));
INSERT INTO steerings VALUES (3, 3, concat('steering',3));
INSERT INTO steerings VALUES (4, 4, concat('steering',4));
INSERT INTO steerings VALUES (5, 5, concat('steering',5));
INSERT INTO steerings VALUES (6, 6, concat('steering',6));
INSERT INTO steerings VALUES (7, 7, concat('steering',7));
INSERT INTO steerings VALUES (8, 8, concat('steering',8));
INSERT INTO steerings VALUES (9, 9, concat('steering',9));
INSERT INTO steerings VALUES (10, 10, concat('steering',10));
CREATE TABLE interiors ( id_pk int primary key,  id_nokey int,  name varchar(100) );
INSERT INTO interiors VALUES (1, 1, concat('interior',1));
INSERT INTO interiors VALUES (2, 2, concat('interior',2));
INSERT INTO interiors VALUES (3, 3, concat('interior',3));
INSERT INTO interiors VALUES (4, 4, concat('interior',4));
INSERT INTO interiors VALUES (5, 5, concat('interior',5));
INSERT INTO interiors VALUES (6, 6, concat('interior',6));
INSERT INTO interiors VALUES (7, 7, concat('interior',7));
INSERT INTO interiors VALUES (8, 8, concat('interior',8));
INSERT INTO interiors VALUES (9, 9, concat('interior',9));
INSERT INTO interiors VALUES (10, 10, concat('interior',10));
INSERT INTO interiors VALUES (11, 11, concat('interior',11));
INSERT INTO interiors VALUES (12, 12, concat('interior',12));
INSERT INTO interiors VALUES (13, 13, concat('interior',13));
INSERT INTO interiors VALUES (14, 14, concat('interior',14));
INSERT INTO interiors VALUES (15, 15, concat('interior',15));
INSERT INTO interiors VALUES (16, 16, concat('interior',16));
INSERT INTO interiors VALUES (17, 17, concat('interior',17));
INSERT INTO interiors VALUES (18, 18, concat('interior',18));
INSERT INTO interiors VALUES (19, 19, concat('interior',19));
INSERT INTO interiors VALUES (20, 20, concat('interior',20));
CREATE TABLE drives ( id_pk int primary key,  id_nokey int,  name varchar(100) );
INSERT INTO drives VALUES (1, 1, concat('drive',1));
INSERT INTO drives VALUES (2, 2, concat('drive',2));
INSERT INTO drives VALUES (3, 3, concat('drive',3));
INSERT INTO drives VALUES (4, 4, concat('drive',4));
INSERT INTO drives VALUES (5, 5, concat('drive',5));
INSERT INTO drives VALUES (6, 6, concat('drive',6));
INSERT INTO drives VALUES (7, 7, concat('drive',7));
INSERT INTO drives VALUES (8, 8, concat('drive',8));
INSERT INTO drives VALUES (9, 9, concat('drive',9));
INSERT INTO drives VALUES (10, 10, concat('drive',10));
CREATE TABLE wheels ( id_pk int primary key,  id_nokey int,  name varchar(100) );
INSERT INTO wheels VALUES (1, 1, concat('wheel',1));
INSERT INTO wheels VALUES (2, 2, concat('wheel',2));
INSERT INTO wheels VALUES (3, 3, concat('wheel',3));
INSERT INTO wheels VALUES (4, 4, concat('wheel',4));
INSERT INTO wheels VALUES (5, 5, concat('wheel',5));
INSERT INTO wheels VALUES (6, 6, concat('wheel',6));
INSERT INTO wheels VALUES (7, 7, concat('wheel',7));
INSERT INTO wheels VALUES (8, 8, concat('wheel',8));
INSERT INTO wheels VALUES (9, 9, concat('wheel',9));
INSERT INTO wheels VALUES (10, 10, concat('wheel',10));
CREATE TABLE engine ( id_pk int primary key,  id_nokey int,  name varchar(100) );
INSERT INTO engine VALUES (1, 1, concat('engine',1));
INSERT INTO engine VALUES (2, 2, concat('engine',2));
INSERT INTO engine VALUES (3, 3, concat('engine',3));
INSERT INTO engine VALUES (4, 4, concat('engine',4));
INSERT INTO engine VALUES (5, 5, concat('engine',5));
INSERT INTO engine VALUES (6, 6, concat('engine',6));
INSERT INTO engine VALUES (7, 7, concat('engine',7));
INSERT INTO engine VALUES (8, 8, concat('engine',8));
INSERT INTO engine VALUES (9, 9, concat('engine',9));
INSERT INTO engine VALUES (10, 10, concat('engine',10));
CREATE TABLE price_ranges ( id_pk int primary key,  id_nokey int,  name varchar(100) );
INSERT INTO price_ranges VALUES (1, 1, concat('price',1));
INSERT INTO price_ranges VALUES (2, 2, concat('price',2));
INSERT INTO price_ranges VALUES (3, 3, concat('price',3));
INSERT INTO price_ranges VALUES (4, 4, concat('price',4));
INSERT INTO price_ranges VALUES (5, 5, concat('price',5));
INSERT INTO price_ranges VALUES (6, 6, concat('price',6));
INSERT INTO price_ranges VALUES (7, 7, concat('price',7));
INSERT INTO price_ranges VALUES (8, 8, concat('price',8));
INSERT INTO price_ranges VALUES (9, 9, concat('price',9));
INSERT INTO price_ranges VALUES (10, 10, concat('price',10));
CREATE TABLE countries ( id_pk int primary key,  id_nokey int,  name varchar(100) );
INSERT INTO countries VALUES (1, 1, concat('country',1));
INSERT INTO countries VALUES (2, 2, concat('country',2));
INSERT INTO countries VALUES (3, 3, concat('country',3));
INSERT INTO countries VALUES (4, 4, concat('country',4));
INSERT INTO countries VALUES (5, 5, concat('country',5));
INSERT INTO countries VALUES (6, 6, concat('country',6));
INSERT INTO countries VALUES (7, 7, concat('country',7));
INSERT INTO countries VALUES (8, 8, concat('country',8));
INSERT INTO countries VALUES (9, 9, concat('country',9));
INSERT INTO countries VALUES (10, 10, concat('country',10));
INSERT INTO countries VALUES (11, 11, concat('country',11));
INSERT INTO countries VALUES (12, 12, concat('country',12));
INSERT INTO countries VALUES (13, 13, concat('country',13));
INSERT INTO countries VALUES (14, 14, concat('country',14));
INSERT INTO countries VALUES (15, 15, concat('country',15));
INSERT INTO countries VALUES (16, 16, concat('country',16));
INSERT INTO countries VALUES (17, 17, concat('country',17));
INSERT INTO countries VALUES (18, 18, concat('country',18));
INSERT INTO countries VALUES (19, 19, concat('country',19));
INSERT INTO countries VALUES (20, 20, concat('country',20));
CREATE TABLE vehicles ( id int primary key,  model_id int,  subtype_id int,  color_id int,  heating_id int,  window_id int,  fuel_id int,  transmission_id int,  steering_id int,  interior_id int,  drive_id int,  price_range_id int,  assembled_in int,  engine_id int,  wheels_id int );
INSERT INTO vehicles VALUES (21, 21%2, 21%3, 21%4, 21%5, 21%6, 21%7,  21, 21%2, 21%3, 21%4, 21%5, 21%6, 21%7,  21 );
INSERT INTO vehicles VALUES (22, 22%2, 22%3, 22%4, 22%5, 22%6, 22%7,  22, 22%2, 22%3, 22%4, 22%5, 22%6, 22%7,  22 );
INSERT INTO vehicles VALUES (23, 23%2, 23%3, 23%4, 23%5, 23%6, 23%7,  23, 23%2, 23%3, 23%4, 23%5, 23%6, 23%7,  23 );
INSERT INTO vehicles VALUES (24, 24%2, 24%3, 24%4, 24%5, 24%6, 24%7,  24, 24%2, 24%3, 24%4, 24%5, 24%6, 24%7,  24 );
INSERT INTO vehicles VALUES (25, 25%2, 25%3, 25%4, 25%5, 25%6, 25%7,  25, 25%2, 25%3, 25%4, 25%5, 25%6, 25%7,  25 );
INSERT INTO vehicles VALUES (26, 26%2, 26%3, 26%4, 26%5, 26%6, 26%7,  26, 26%2, 26%3, 26%4, 26%5, 26%6, 26%7,  26 );
INSERT INTO vehicles VALUES (27, 27%2, 27%3, 27%4, 27%5, 27%6, 27%7,  27, 27%2, 27%3, 27%4, 27%5, 27%6, 27%7,  27 );
INSERT INTO vehicles VALUES (28, 28%2, 28%3, 28%4, 28%5, 28%6, 28%7,  28, 28%2, 28%3, 28%4, 28%5, 28%6, 28%7,  28 );
INSERT INTO vehicles VALUES (29, 29%2, 29%3, 29%4, 29%5, 29%6, 29%7,  29, 29%2, 29%3, 29%4, 29%5, 29%6, 29%7,  29 );
INSERT INTO vehicles VALUES (30, 30%2, 30%3, 30%4, 30%5, 30%6, 30%7,  30, 30%2, 30%3, 30%4, 30%5, 30%6, 30%7,  30 );
INSERT INTO vehicles VALUES (31, 31%2, 31%3, 31%4, 31%5, 31%6, 31%7,  31, 31%2, 31%3, 31%4, 31%5, 31%6, 31%7,  31 );
INSERT INTO vehicles VALUES (32, 32%2, 32%3, 32%4, 32%5, 32%6, 32%7,  32, 32%2, 32%3, 32%4, 32%5, 32%6, 32%7,  32 );
INSERT INTO vehicles VALUES (33, 33%2, 33%3, 33%4, 33%5, 33%6, 33%7,  33, 33%2, 33%3, 33%4, 33%5, 33%6, 33%7,  33 );
INSERT INTO vehicles VALUES (34, 34%2, 34%3, 34%4, 34%5, 34%6, 34%7,  34, 34%2, 34%3, 34%4, 34%5, 34%6, 34%7,  34 );
INSERT INTO vehicles VALUES (35, 35%2, 35%3, 35%4, 35%5, 35%6, 35%7,  35, 35%2, 35%3, 35%4, 35%5, 35%6, 35%7,  35 );
INSERT INTO vehicles VALUES (36, 36%2, 36%3, 36%4, 36%5, 36%6, 36%7,  36, 36%2, 36%3, 36%4, 36%5, 36%6, 36%7,  36 );
INSERT INTO vehicles VALUES (37, 37%2, 37%3, 37%4, 37%5, 37%6, 37%7,  37, 37%2, 37%3, 37%4, 37%5, 37%6, 37%7,  37 );
INSERT INTO vehicles VALUES (38, 38%2, 38%3, 38%4, 38%5, 38%6, 38%7,  38, 38%2, 38%3, 38%4, 38%5, 38%6, 38%7,  38 );
INSERT INTO vehicles VALUES (39, 39%2, 39%3, 39%4, 39%5, 39%6, 39%7,  39, 39%2, 39%3, 39%4, 39%5, 39%6, 39%7,  39 );
INSERT INTO vehicles VALUES (40, 40%2, 40%3, 40%4, 40%5, 40%6, 40%7,  40, 40%2, 40%3, 40%4, 40%5, 40%6, 40%7,  40 );
INSERT INTO vehicles VALUES (41, 41%2, 41%3, 41%4, 41%5, 41%6, 41%7,  41, 41%2, 41%3, 41%4, 41%5, 41%6, 41%7,  41 );
INSERT INTO vehicles VALUES (42, 42%2, 42%3, 42%4, 42%5, 42%6, 42%7,  42, 42%2, 42%3, 42%4, 42%5, 42%6, 42%7,  42 );
INSERT INTO vehicles VALUES (43, 43%2, 43%3, 43%4, 43%5, 43%6, 43%7,  43, 43%2, 43%3, 43%4, 43%5, 43%6, 43%7,  43 );
INSERT INTO vehicles VALUES (44, 44%2, 44%3, 44%4, 44%5, 44%6, 44%7,  44, 44%2, 44%3, 44%4, 44%5, 44%6, 44%7,  44 );
INSERT INTO vehicles VALUES (45, 45%2, 45%3, 45%4, 45%5, 45%6, 45%7,  45, 45%2, 45%3, 45%4, 45%5, 45%6, 45%7,  45 );
INSERT INTO vehicles VALUES (46, 46%2, 46%3, 46%4, 46%5, 46%6, 46%7,  46, 46%2, 46%3, 46%4, 46%5, 46%6, 46%7,  46 );
INSERT INTO vehicles VALUES (47, 47%2, 47%3, 47%4, 47%5, 47%6, 47%7,  47, 47%2, 47%3, 47%4, 47%5, 47%6, 47%7,  47 );
INSERT INTO vehicles VALUES (48, 48%2, 48%3, 48%4, 48%5, 48%6, 48%7,  48, 48%2, 48%3, 48%4, 48%5, 48%6, 48%7,  48 );
INSERT INTO vehicles VALUES (49, 49%2, 49%3, 49%4, 49%5, 49%6, 49%7,  49, 49%2, 49%3, 49%4, 49%5, 49%6, 49%7,  49 );
INSERT INTO vehicles VALUES (50, 50%2, 50%3, 50%4, 50%5, 50%6, 50%7,  50, 50%2, 50%3, 50%4, 50%5, 50%6, 50%7,  50 );
INSERT INTO vehicles VALUES (51, 51%2, 51%3, 51%4, 51%5, 51%6, 51%7,  51, 51%2, 51%3, 51%4, 51%5, 51%6, 51%7,  51 );
INSERT INTO vehicles VALUES (52, 52%2, 52%3, 52%4, 52%5, 52%6, 52%7,  52, 52%2, 52%3, 52%4, 52%5, 52%6, 52%7,  52 );
INSERT INTO vehicles VALUES (53, 53%2, 53%3, 53%4, 53%5, 53%6, 53%7,  53, 53%2, 53%3, 53%4, 53%5, 53%6, 53%7,  53 );
INSERT INTO vehicles VALUES (54, 54%2, 54%3, 54%4, 54%5, 54%6, 54%7,  54, 54%2, 54%3, 54%4, 54%5, 54%6, 54%7,  54 );
INSERT INTO vehicles VALUES (55, 55%2, 55%3, 55%4, 55%5, 55%6, 55%7,  55, 55%2, 55%3, 55%4, 55%5, 55%6, 55%7,  55 );
INSERT INTO vehicles VALUES (56, 56%2, 56%3, 56%4, 56%5, 56%6, 56%7,  56, 56%2, 56%3, 56%4, 56%5, 56%6, 56%7,  56 );
INSERT INTO vehicles VALUES (57, 57%2, 57%3, 57%4, 57%5, 57%6, 57%7,  57, 57%2, 57%3, 57%4, 57%5, 57%6, 57%7,  57 );
INSERT INTO vehicles VALUES (58, 58%2, 58%3, 58%4, 58%5, 58%6, 58%7,  58, 58%2, 58%3, 58%4, 58%5, 58%6, 58%7,  58 );
INSERT INTO vehicles VALUES (59, 59%2, 59%3, 59%4, 59%5, 59%6, 59%7,  59, 59%2, 59%3, 59%4, 59%5, 59%6, 59%7,  59 );
INSERT INTO vehicles VALUES (60, 60%2, 60%3, 60%4, 60%5, 60%6, 60%7,  60, 60%2, 60%3, 60%4, 60%5, 60%6, 60%7,  60 );
INSERT INTO vehicles VALUES (61, 61%2, 61%3, 61%4, 61%5, 61%6, 61%7,  61, 61%2, 61%3, 61%4, 61%5, 61%6, 61%7,  61 );
INSERT INTO vehicles VALUES (62, 62%2, 62%3, 62%4, 62%5, 62%6, 62%7,  62, 62%2, 62%3, 62%4, 62%5, 62%6, 62%7,  62 );
INSERT INTO vehicles VALUES (63, 63%2, 63%3, 63%4, 63%5, 63%6, 63%7,  63, 63%2, 63%3, 63%4, 63%5, 63%6, 63%7,  63 );
INSERT INTO vehicles VALUES (64, 64%2, 64%3, 64%4, 64%5, 64%6, 64%7,  64, 64%2, 64%3, 64%4, 64%5, 64%6, 64%7,  64 );
INSERT INTO vehicles VALUES (65, 65%2, 65%3, 65%4, 65%5, 65%6, 65%7,  65, 65%2, 65%3, 65%4, 65%5, 65%6, 65%7,  65 );
INSERT INTO vehicles VALUES (66, 66%2, 66%3, 66%4, 66%5, 66%6, 66%7,  66, 66%2, 66%3, 66%4, 66%5, 66%6, 66%7,  66 );
INSERT INTO vehicles VALUES (67, 67%2, 67%3, 67%4, 67%5, 67%6, 67%7,  67, 67%2, 67%3, 67%4, 67%5, 67%6, 67%7,  67 );
INSERT INTO vehicles VALUES (68, 68%2, 68%3, 68%4, 68%5, 68%6, 68%7,  68, 68%2, 68%3, 68%4, 68%5, 68%6, 68%7,  68 );
INSERT INTO vehicles VALUES (69, 69%2, 69%3, 69%4, 69%5, 69%6, 69%7,  69, 69%2, 69%3, 69%4, 69%5, 69%6, 69%7,  69 );
INSERT INTO vehicles VALUES (70, 70%2, 70%3, 70%4, 70%5, 70%6, 70%7,  70, 70%2, 70%3, 70%4, 70%5, 70%6, 70%7,  70 );
INSERT INTO vehicles VALUES (71, 71%2, 71%3, 71%4, 71%5, 71%6, 71%7,  71, 71%2, 71%3, 71%4, 71%5, 71%6, 71%7,  71 );
INSERT INTO vehicles VALUES (72, 72%2, 72%3, 72%4, 72%5, 72%6, 72%7,  72, 72%2, 72%3, 72%4, 72%5, 72%6, 72%7,  72 );
INSERT INTO vehicles VALUES (73, 73%2, 73%3, 73%4, 73%5, 73%6, 73%7,  73, 73%2, 73%3, 73%4, 73%5, 73%6, 73%7,  73 );
INSERT INTO vehicles VALUES (74, 74%2, 74%3, 74%4, 74%5, 74%6, 74%7,  74, 74%2, 74%3, 74%4, 74%5, 74%6, 74%7,  74 );
INSERT INTO vehicles VALUES (75, 75%2, 75%3, 75%4, 75%5, 75%6, 75%7,  75, 75%2, 75%3, 75%4, 75%5, 75%6, 75%7,  75 );
INSERT INTO vehicles VALUES (76, 76%2, 76%3, 76%4, 76%5, 76%6, 76%7,  76, 76%2, 76%3, 76%4, 76%5, 76%6, 76%7,  76 );
INSERT INTO vehicles VALUES (77, 77%2, 77%3, 77%4, 77%5, 77%6, 77%7,  77, 77%2, 77%3, 77%4, 77%5, 77%6, 77%7,  77 );
INSERT INTO vehicles VALUES (78, 78%2, 78%3, 78%4, 78%5, 78%6, 78%7,  78, 78%2, 78%3, 78%4, 78%5, 78%6, 78%7,  78 );
INSERT INTO vehicles VALUES (79, 79%2, 79%3, 79%4, 79%5, 79%6, 79%7,  79, 79%2, 79%3, 79%4, 79%5, 79%6, 79%7,  79 );
INSERT INTO vehicles VALUES (80, 80%2, 80%3, 80%4, 80%5, 80%6, 80%7,  80, 80%2, 80%3, 80%4, 80%5, 80%6, 80%7,  80 );
INSERT INTO vehicles VALUES (81, 81%2, 81%3, 81%4, 81%5, 81%6, 81%7,  81, 81%2, 81%3, 81%4, 81%5, 81%6, 81%7,  81 );
INSERT INTO vehicles VALUES (82, 82%2, 82%3, 82%4, 82%5, 82%6, 82%7,  82, 82%2, 82%3, 82%4, 82%5, 82%6, 82%7,  82 );
INSERT INTO vehicles VALUES (83, 83%2, 83%3, 83%4, 83%5, 83%6, 83%7,  83, 83%2, 83%3, 83%4, 83%5, 83%6, 83%7,  83 );
INSERT INTO vehicles VALUES (84, 84%2, 84%3, 84%4, 84%5, 84%6, 84%7,  84, 84%2, 84%3, 84%4, 84%5, 84%6, 84%7,  84 );
INSERT INTO vehicles VALUES (85, 85%2, 85%3, 85%4, 85%5, 85%6, 85%7,  85, 85%2, 85%3, 85%4, 85%5, 85%6, 85%7,  85 );
INSERT INTO vehicles VALUES (86, 86%2, 86%3, 86%4, 86%5, 86%6, 86%7,  86, 86%2, 86%3, 86%4, 86%5, 86%6, 86%7,  86 );
INSERT INTO vehicles VALUES (87, 87%2, 87%3, 87%4, 87%5, 87%6, 87%7,  87, 87%2, 87%3, 87%4, 87%5, 87%6, 87%7,  87 );
INSERT INTO vehicles VALUES (88, 88%2, 88%3, 88%4, 88%5, 88%6, 88%7,  88, 88%2, 88%3, 88%4, 88%5, 88%6, 88%7,  88 );
INSERT INTO vehicles VALUES (89, 89%2, 89%3, 89%4, 89%5, 89%6, 89%7,  89, 89%2, 89%3, 89%4, 89%5, 89%6, 89%7,  89 );
INSERT INTO vehicles VALUES (90, 90%2, 90%3, 90%4, 90%5, 90%6, 90%7,  90, 90%2, 90%3, 90%4, 90%5, 90%6, 90%7,  90 );
INSERT INTO vehicles VALUES (91, 91%2, 91%3, 91%4, 91%5, 91%6, 91%7,  91, 91%2, 91%3, 91%4, 91%5, 91%6, 91%7,  91 );
INSERT INTO vehicles VALUES (92, 92%2, 92%3, 92%4, 92%5, 92%6, 92%7,  92, 92%2, 92%3, 92%4, 92%5, 92%6, 92%7,  92 );
INSERT INTO vehicles VALUES (93, 93%2, 93%3, 93%4, 93%5, 93%6, 93%7,  93, 93%2, 93%3, 93%4, 93%5, 93%6, 93%7,  93 );
INSERT INTO vehicles VALUES (94, 94%2, 94%3, 94%4, 94%5, 94%6, 94%7,  94, 94%2, 94%3, 94%4, 94%5, 94%6, 94%7,  94 );
INSERT INTO vehicles VALUES (95, 95%2, 95%3, 95%4, 95%5, 95%6, 95%7,  95, 95%2, 95%3, 95%4, 95%5, 95%6, 95%7,  95 );
INSERT INTO vehicles VALUES (96, 96%2, 96%3, 96%4, 96%5, 96%6, 96%7,  96, 96%2, 96%3, 96%4, 96%5, 96%6, 96%7,  96 );
INSERT INTO vehicles VALUES (97, 97%2, 97%3, 97%4, 97%5, 97%6, 97%7,  97, 97%2, 97%3, 97%4, 97%5, 97%6, 97%7,  97 );
INSERT INTO vehicles VALUES (98, 98%2, 98%3, 98%4, 98%5, 98%6, 98%7,  98, 98%2, 98%3, 98%4, 98%5, 98%6, 98%7,  98 );
INSERT INTO vehicles VALUES (99, 99%2, 99%3, 99%4, 99%5, 99%6, 99%7,  99, 99%2, 99%3, 99%4, 99%5, 99%6, 99%7,  99 );
INSERT INTO vehicles VALUES (100, 100%2, 100%3, 100%4, 100%5, 100%6, 100%7,  100, 100%2, 100%3, 100%4, 100%5, 100%6, 100%7,  100 );
ANALYZE TABLE models, subtypes, colors, heating, windows, fuels, transmissions, steerings, interiors, drives, wheels, engine, price_ranges, countries, brands;
SET SESSION optimizer_search_depth = 25;
FLUSH STATUS;
EXPLAIN SELECT * FROM vehicles JOIN models        ON vehicles.model_id        = models.id_pk JOIN subtypes      ON vehicles.subtype_id      = subtypes.id_pk JOIN colors        ON vehicles.color_id        = colors.id_pk JOIN heating       ON vehicles.heating_id      = heating.id_pk JOIN windows       ON vehicles.window_id       = windows.id_pk JOIN fuels         ON vehicles.fuel_id         = fuels.id_pk JOIN transmissions ON vehicles.transmission_id = transmissions.id_pk JOIN steerings     ON vehicles.steering_id     = steerings.id_pk JOIN interiors     ON vehicles.interior_id     = interiors.id_pk JOIN drives        ON vehicles.drive_id        = drives.id_pk JOIN wheels        ON vehicles.wheels_id       = wheels.id_pk JOIN engine        ON vehicles.engine_id       = engine.id_pk JOIN price_ranges  ON vehicles.price_range_id  = price_ranges.id_pk JOIN countries     ON vehicles.assembled_in    = countries.id_pk JOIN brands        ON models.brand_id          = brands.id_pk;
FLUSH STATUS;
EXPLAIN SELECT * FROM vehicles JOIN models        ON vehicles.model_id        = models.id_nokey JOIN subtypes      ON vehicles.subtype_id      = subtypes.id_pk JOIN colors        ON vehicles.color_id        = colors.id_pk JOIN heating       ON vehicles.heating_id      = heating.id_nokey JOIN windows       ON vehicles.window_id       = windows.id_pk JOIN fuels         ON vehicles.fuel_id         = fuels.id_pk JOIN transmissions ON vehicles.transmission_id = transmissions.id_nokey JOIN steerings     ON vehicles.steering_id     = steerings.id_pk JOIN interiors     ON vehicles.interior_id     = interiors.id_pk JOIN drives        ON vehicles.drive_id        = drives.id_pk JOIN wheels        ON vehicles.wheels_id       = wheels.id_nokey JOIN engine        ON vehicles.engine_id       = engine.id_pk JOIN price_ranges  ON vehicles.price_range_id  = price_ranges.id_pk JOIN countries     ON vehicles.assembled_in    = countries.id_pk JOIN brands        ON models.brand_id          = brands.id_nokey;
FLUSH STATUS;
select @@optimizer_search_depth;
select @@optimizer_prune_level;
DROP TABLE vehicles, models, subtypes, colors, heating, windows,  fuels, transmissions, steerings, interiors, drives,  price_ranges, countries, brands, wheels, engine;
CREATE TABLE tbl10( k INT NOT NULL AUTO_INCREMENT, i INT, PRIMARY KEY(k) );
INSERT INTO tbl10(i) VALUES (1),(2),(3),(4),(5),(6),(7),(8),(9),(0);
CREATE TABLE tbl100 LIKE tbl10;
INSERT INTO tbl100(i) SELECT x.i FROM tbl10 AS x, tbl10 AS y;
CREATE TABLE t10_1 (pk int PRIMARY KEY AUTO_INCREMENT, colidx int, col int, index (colidx));;
INSERT INTO t10_1 (colidx, col) SELECT k, k FROM tbl10;;
ANALYZE TABLE t10_1;;
CREATE TABLE t100_1 (pk int PRIMARY KEY AUTO_INCREMENT, colidx int, col int, index (colidx));;
INSERT INTO t100_1 (colidx, col) SELECT a.k, a.k FROM tbl10 a JOIN tbl10 b;;;
ANALYZE TABLE t100_1;;
CREATE TABLE t10_2 (pk int PRIMARY KEY AUTO_INCREMENT, colidx int, col int, index (colidx));;
INSERT INTO t10_2 (colidx, col) SELECT k, k FROM tbl10;;
ANALYZE TABLE t10_2;;
CREATE TABLE t100_2 (pk int PRIMARY KEY AUTO_INCREMENT, colidx int, col int, index (colidx));;
INSERT INTO t100_2 (colidx, col) SELECT a.k, a.k FROM tbl10 a JOIN tbl10 b;;;
ANALYZE TABLE t100_2;;
CREATE TABLE t10_3 (pk int PRIMARY KEY AUTO_INCREMENT, colidx int, col int, index (colidx));;
INSERT INTO t10_3 (colidx, col) SELECT k, k FROM tbl10;;
ANALYZE TABLE t10_3;;
CREATE TABLE t100_3 (pk int PRIMARY KEY AUTO_INCREMENT, colidx int, col int, index (colidx));;
INSERT INTO t100_3 (colidx, col) SELECT a.k, a.k FROM tbl10 a JOIN tbl10 b;;;
ANALYZE TABLE t100_3;;
CREATE TABLE t10_4 (pk int PRIMARY KEY AUTO_INCREMENT, colidx int, col int, index (colidx));;
INSERT INTO t10_4 (colidx, col) SELECT k, k FROM tbl10;;
ANALYZE TABLE t10_4;;
CREATE TABLE t100_4 (pk int PRIMARY KEY AUTO_INCREMENT, colidx int, col int, index (colidx));;
INSERT INTO t100_4 (colidx, col) SELECT a.k, a.k FROM tbl10 a JOIN tbl10 b;;;
ANALYZE TABLE t100_4;;
CREATE TABLE t10_5 (pk int PRIMARY KEY AUTO_INCREMENT, colidx int, col int, index (colidx));;
INSERT INTO t10_5 (colidx, col) SELECT k, k FROM tbl10;;
ANALYZE TABLE t10_5;;
CREATE TABLE t100_5 (pk int PRIMARY KEY AUTO_INCREMENT, colidx int, col int, index (colidx));;
INSERT INTO t100_5 (colidx, col) SELECT a.k, a.k FROM tbl10 a JOIN tbl10 b;;;
ANALYZE TABLE t100_5;;
CREATE TABLE t10_6 (pk int PRIMARY KEY AUTO_INCREMENT, colidx int, col int, index (colidx));;
INSERT INTO t10_6 (colidx, col) SELECT k, k FROM tbl10;;
ANALYZE TABLE t10_6;;
CREATE TABLE t100_6 (pk int PRIMARY KEY AUTO_INCREMENT, colidx int, col int, index (colidx));;
INSERT INTO t100_6 (colidx, col) SELECT a.k, a.k FROM tbl10 a JOIN tbl10 b;;;
ANALYZE TABLE t100_6;;
CREATE TABLE t10_7 (pk int PRIMARY KEY AUTO_INCREMENT, colidx int, col int, index (colidx));;
INSERT INTO t10_7 (colidx, col) SELECT k, k FROM tbl10;;
ANALYZE TABLE t10_7;;
CREATE TABLE t100_7 (pk int PRIMARY KEY AUTO_INCREMENT, colidx int, col int, index (colidx));;
INSERT INTO t100_7 (colidx, col) SELECT a.k, a.k FROM tbl10 a JOIN tbl10 b;;;
ANALYZE TABLE t100_7;;
CREATE TABLE t10_8 (pk int PRIMARY KEY AUTO_INCREMENT, colidx int, col int, index (colidx));;
INSERT INTO t10_8 (colidx, col) SELECT k, k FROM tbl10;;
ANALYZE TABLE t10_8;;
CREATE TABLE t100_8 (pk int PRIMARY KEY AUTO_INCREMENT, colidx int, col int, index (colidx));;
INSERT INTO t100_8 (colidx, col) SELECT a.k, a.k FROM tbl10 a JOIN tbl10 b;;;
ANALYZE TABLE t100_8;;
CREATE TABLE t10_9 (pk int PRIMARY KEY AUTO_INCREMENT, colidx int, col int, index (colidx));;
INSERT INTO t10_9 (colidx, col) SELECT k, k FROM tbl10;;
ANALYZE TABLE t10_9;;
CREATE TABLE t100_9 (pk int PRIMARY KEY AUTO_INCREMENT, colidx int, col int, index (colidx));;
INSERT INTO t100_9 (colidx, col) SELECT a.k, a.k FROM tbl10 a JOIN tbl10 b;;;
ANALYZE TABLE t100_9;;
EXPLAIN SELECT * FROM t10_1 JOIN t100_1 ON t10_1.colidx = t100_1.pk JOIN t10_2 ON t100_1.colidx = t10_2.pk JOIN t100_2 ON t10_2.colidx = t100_2.pk JOIN t10_3 ON t100_2.colidx = t10_3.pk JOIN t100_3 ON t10_3.colidx = t100_3.pk JOIN t10_4 ON t100_3.colidx = t10_4.pk JOIN t100_4 ON t10_4.colidx = t100_4.pk JOIN t10_5 ON t100_4.colidx = t10_5.pk JOIN t100_5 ON t10_5.colidx = t100_5.pk JOIN t10_6 ON t100_5.colidx = t10_6.pk JOIN t100_6 ON t10_6.colidx = t100_6.pk JOIN t10_7 ON t100_6.colidx = t10_7.pk JOIN t100_7 ON t10_7.colidx = t100_7.pk JOIN t10_8 ON t100_7.colidx = t10_8.pk;
FLUSH STATUS;
EXPLAIN SELECT * FROM t10_1 JOIN t100_1 ON t10_1.col = t100_1.colidx JOIN t10_2 ON t100_1.col = t10_2.pk JOIN t100_2 ON t10_2.col = t100_2.colidx JOIN t10_3 ON t100_2.col = t10_3.pk JOIN t100_3 ON t10_3.col = t100_3.colidx JOIN t10_4 ON t100_3.col = t10_4.pk JOIN t100_4 ON t10_4.col = t100_4.colidx JOIN t10_5 ON t100_4.col = t10_5.pk JOIN t100_5 ON t10_5.col = t100_5.colidx JOIN t10_6 ON t100_5.col = t10_6.pk JOIN t100_6 ON t10_6.col = t100_6.colidx JOIN t10_7 ON t100_6.col = t10_7.pk JOIN t100_7 ON t10_7.col = t100_7.colidx JOIN t10_8 ON t100_7.col = t10_8.pk;
FLUSH STATUS;
EXPLAIN SELECT * FROM t10_1 JOIN t100_1 ON t10_1.colidx = t100_1.col JOIN t10_2 ON t100_1.pk = t10_2.col JOIN t100_2 ON t10_2.colidx = t100_2.col JOIN t10_3 ON t100_2.pk = t10_3.col JOIN t100_3 ON t10_3.colidx = t100_3.col JOIN t10_4 ON t100_3.pk = t10_4.col JOIN t100_4 ON t10_4.colidx = t100_4.col JOIN t10_5 ON t100_4.pk = t10_5.col JOIN t100_5 ON t10_5.colidx = t100_5.col JOIN t10_6 ON t100_5.pk = t10_6.col JOIN t100_6 ON t10_6.colidx = t100_6.col JOIN t10_7 ON t100_6.pk = t10_7.col JOIN t100_7 ON t10_7.colidx = t100_7.col JOIN t10_8 ON t100_7.pk = t10_8.col;
FLUSH STATUS;
EXPLAIN SELECT * FROM t10_1 JOIN t100_1 ON t10_1.colidx = t100_1.pk JOIN t10_2 ON t100_1.col = t10_2.pk JOIN t100_2 ON t10_2.colidx = t100_2.pk JOIN t10_3 ON t100_2.col = t10_3.pk JOIN t100_3 ON t10_3.colidx = t100_3.pk JOIN t10_4 ON t100_3.col = t10_4.pk JOIN t100_4 ON t10_4.colidx = t100_4.pk JOIN t10_5 ON t100_4.col = t10_5.pk JOIN t100_5 ON t10_5.colidx = t100_5.pk JOIN t10_6 ON t100_5.col = t10_6.pk JOIN t100_6 ON t10_6.colidx = t100_6.pk JOIN t10_7 ON t100_6.col = t10_7.pk JOIN t100_7 ON t10_7.colidx = t100_7.pk JOIN t10_8 ON t100_7.col = t10_8.pk;
FLUSH STATUS;
DROP TABLE tbl10, tbl100;
DROP TABLE t10_1,t10_2,t10_3,t10_4,t10_5,t10_6,t10_7,t10_8,t10_9;
DROP TABLE t100_1,t100_2,t100_3,t100_4,t100_5,t100_6,t100_7,t100_8,t100_9;
UPDATE mysql.engine_cost SET cost_value = DEFAULT WHERE cost_name = 'memory_block_read_cost';
FLUSH OPTIMIZER_COSTS;
